date,cpi,wpi,month,year,quarter,lag_1,lag_2,lag_3,lag_6,lag_12,rolling_mean_3,rolling_std_3,rolling_mean_6,rolling_std_6,cpi_pct_change,cpi_diff,wpi_pct_change,wpi_lag1,trend_index,cpi_wpi_diff
2013-04-01,106.1,108.6,4,2013,2,105.5,105.3,104.6,103.6,97.8,105.63333333333333,0.4163331998933108,105.06666666666666,0.6831300510640471,0.5687203791469031,0.5999999999999943,0.0,108.6,12,-2.5
2013-05-01,106.9,108.6,5,2013,2,106.1,105.5,105.3,104.3,98.6,106.16666666666667,0.702376916856927,105.5,0.8921883209278847,0.7540056550424223,0.8000000000000114,0.0,108.6,13,-1.6999999999999886
2013-06-01,109.3,110.1,6,2013,2,106.9,106.1,105.5,104.6,99.8,107.43333333333332,1.6653327995729619,106.28333333333335,1.6690316553818896,2.2450888681010195,2.3999999999999915,1.3812154696132506,108.6,14,-0.7999999999999972
2013-07-01,111.0,111.2,7,2013,3,109.3,106.9,106.1,104.6,101.1,109.06666666666668,2.059935274064119,107.34999999999998,2.3028243528328836,1.5553522415370669,1.7000000000000028,0.9990917347865613,110.1,15,-0.20000000000000284
2013-08-01,112.4,112.9,8,2013,3,111.0,109.3,106.9,105.3,102.2,110.89999999999999,1.5524174696261275,108.53333333333335,2.8076087096792737,1.2612612612612706,1.4000000000000057,1.5287769784172678,111.2,16,-0.5
2013-09-01,113.7,114.3,9,2013,3,112.4,111.0,109.3,105.5,102.9,112.36666666666667,1.3503086067020955,109.89999999999999,3.0232432915662426,1.1565836298932375,1.2999999999999972,1.2400354295836857,112.9,17,-0.5999999999999943
2013-10-01,114.8,114.6,10,2013,4,113.7,112.4,111.0,106.1,103.6,113.63333333333333,1.2013880860628614,111.35000000000001,2.920787565024251,0.9674582233949014,1.0999999999999943,0.2624671916010568,114.3,18,0.20000000000000284
2013-11-01,116.3,114.3,11,2013,4,114.8,113.7,112.4,106.9,104.3,114.93333333333334,1.3051181300303147,112.91666666666667,2.5545384449381436,1.3066202090592283,1.5,-0.2617801047120394,114.6,19,2.0
2013-12-01,114.5,113.4,12,2013,4,116.3,114.8,113.7,109.3,104.6,115.2,0.9643650760995574,113.78333333333335,1.8734104373220004,-1.5477214101461745,-1.7999999999999972,-0.7874015748031371,114.3,20,1.0999999999999943
2014-01-01,113.6,113.6,1,2014,1,114.5,116.3,114.8,111.0,104.6,114.8,1.3747727084869308,114.21666666666668,1.3197221929887473,-0.7860262008733687,-0.9000000000000057,0.17636684303350414,113.4,21,0.0
2014-02-01,113.6,113.6,2,2014,1,113.6,114.5,116.3,112.4,105.3,113.89999999999999,0.519615242271108,114.41666666666667,1.0534071704080277,0.0,0.0,0.0,113.6,22,0.0
2014-03-01,114.2,114.3,3,2014,1,113.6,113.6,114.5,113.7,105.5,113.8,0.34641016151443965,114.5,1.0039920318410827,0.528169014084523,0.6000000000000085,0.616197183098599,113.6,23,-0.09999999999999432
2014-04-01,115.1,114.1,4,2014,2,114.2,113.6,113.6,114.8,106.1,114.3,0.7549834435273746,114.55,1.0290772565752235,0.7880910683012221,0.8999999999999915,-0.17497812773403787,114.3,24,1.0
2014-05-01,115.8,114.8,5,2014,2,115.1,114.2,113.6,116.3,106.9,115.03333333333332,0.8020806277013405,114.46666666666665,0.8664102184687387,0.6081668114682914,0.7000000000000028,0.6134969325153339,114.1,25,1.0
2014-06-01,116.7,115.2,6,2014,2,115.8,115.1,114.2,114.5,109.3,115.86666666666667,0.8020806277013534,114.83333333333333,1.2596295751795752,0.7772020725388629,0.9000000000000057,0.34843205574912606,114.8,26,1.5
2014-07-01,119.2,116.7,7,2014,3,116.7,115.8,115.1,113.6,111.0,117.23333333333333,1.7616280348966409,115.76666666666667,2.012626807599254,2.142245072836335,2.5,1.302083333333326,115.2,27,2.5
2014-08-01,120.3,117.2,8,2014,3,119.2,116.7,115.8,113.6,112.4,118.73333333333333,1.8448125469363503,116.88333333333333,2.392836531538935,0.9228187919463116,1.0999999999999943,0.42844901456726703,116.7,28,3.0999999999999943
2014-09-01,120.1,116.4,9,2014,3,120.3,119.2,116.7,114.2,113.7,119.86666666666667,0.5859465277086204,117.86666666666667,2.2791811395032626,-0.16625103906899863,-0.20000000000000284,-0.6825938566552892,117.2,29,3.6999999999999886
2014-10-01,120.1,115.6,10,2014,4,120.1,120.3,119.2,115.1,114.8,120.16666666666667,0.1154700538399381,118.7,1.9565275362235017,0.0,0.0,-0.6872852233677063,116.4,30,4.5
2014-11-01,120.1,114.1,11,2014,4,120.1,120.1,120.3,115.8,116.3,120.1,6.811871830991891e-07,119.41666666666667,1.3862419221288653,0.0,0.0,-1.2975778546712835,115.6,31,6.0
2014-12-01,119.4,112.1,12,2014,4,120.1,120.1,120.1,116.7,114.5,119.86666666666667,0.4041451884333035,119.86666666666667,0.45018514709792,-0.5828476269775118,-0.6999999999999886,-1.752848378615246,114.1,32,7.300000000000011
2015-01-01,119.5,110.8,1,2015,1,119.4,120.1,120.1,119.2,113.6,119.66666666666667,0.3785938897206233,119.91666666666667,0.37103458958374846,0.08375209380233617,0.09999999999999432,-1.1596788581623496,112.1,33,8.700000000000003
2015-02-01,119.7,109.6,2,2015,1,119.5,119.4,120.1,120.3,113.6,119.53333333333335,0.15275252316671378,119.81666666666666,0.32506409624499083,0.16736401673640433,0.20000000000000284,-1.0830324909747335,110.8,34,10.100000000000009
2015-03-01,120.2,109.9,3,2015,1,119.7,119.5,119.4,120.1,114.2,119.8,0.36055512754703095,119.83333333333333,0.34448028487502036,0.41771094402673903,0.5,0.27372262773723843,109.6,35,10.299999999999997
2015-04-01,120.7,110.2,4,2015,2,120.2,119.7,119.5,120.1,115.1,120.2,0.5000000000004418,119.93333333333334,0.4926120853852309,0.4159733777038266,0.5,0.27297543221109777,109.9,36,10.5
2015-05-01,121.6,111.4,5,2015,2,120.7,120.2,119.7,120.1,115.8,120.83333333333333,0.7094598884600516,120.18333333333334,0.8471520918156357,0.7456503728251684,0.8999999999999915,1.0889292196007316,110.2,37,10.199999999999989
2015-06-01,123.0,111.8,6,2015,2,121.6,120.7,120.2,119.4,116.7,121.76666666666667,1.1590225767144238,120.78333333333335,1.3227496613749983,1.1513157894736947,1.4000000000000057,0.35906642728904536,111.4,38,11.200000000000003
2015-07-01,123.6,111.1,7,2015,3,123.0,121.6,120.7,119.5,119.2,122.73333333333333,1.0263202878895763,121.46666666666668,1.564182427553684,0.4878048780487809,0.5999999999999943,-0.6261180679785316,111.8,39,12.5
2015-08-01,124.8,110.0,8,2015,3,123.6,123.0,121.6,119.7,120.3,123.8,0.9165151389913733,122.31666666666666,1.7826010957776903,0.9708737864077666,1.2000000000000028,-0.9900990099009799,111.1,40,14.799999999999997
2015-09-01,125.4,109.9,9,2015,3,124.8,123.6,123.0,120.2,120.1,124.59999999999998,0.9165151389913625,123.18333333333332,1.8115371005496785,0.48076923076922906,0.6000000000000085,-0.09090909090908594,110.0,41,15.5
2015-10-01,126.1,110.1,10,2015,4,125.4,124.8,123.6,120.7,120.1,125.43333333333334,0.6506407098650095,124.08333333333333,1.666633333000407,0.5582137161084466,0.6999999999999886,0.18198362147405778,109.9,42,16.0
2015-11-01,126.6,109.9,11,2015,4,126.1,125.4,124.8,121.6,120.1,126.03333333333335,0.6027713773343973,124.91666666666667,1.406295369639015,0.3965107057890549,0.5,-0.1816530426884566,110.1,43,16.69999999999999
2015-12-01,126.1,109.4,12,2015,4,126.6,126.1,125.4,123.0,119.4,126.26666666666665,0.2886751345952793,125.43333333333334,1.0966616007995336,-0.3949447077409185,-0.5,-0.45495905368516665,109.9,44,16.69999999999999
2016-01-01,126.3,108.0,1,2016,1,126.1,126.6,126.1,123.6,119.5,126.33333333333333,0.25166114784288546,125.88333333333333,0.6615638039284236,0.15860428231562196,0.20000000000000284,-1.2797074954296161,109.4,45,18.299999999999997
2016-02-01,126.0,107.1,2,2016,1,126.3,126.1,126.6,124.8,119.7,126.13333333333333,0.1527525231660888,126.08333333333333,0.39707262140352745,-0.23752969121140222,-0.29999999999999716,-0.8333333333333415,108.0,46,18.900000000000006
2016-03-01,126.0,107.7,3,2016,1,126.0,126.3,126.1,125.4,120.2,126.10000000000001,0.17320508075767752,126.18333333333332,0.23166067138874047,0.0,0.0,0.5602240896358524,107.1,47,18.299999999999997
2016-04-01,127.3,109.0,4,2016,2,126.0,126.0,126.3,126.1,120.7,126.43333333333332,0.7505553499466902,126.38333333333333,0.503653319921858,1.031746031746028,1.2999999999999972,1.20705663881151,107.7,48,18.299999999999997
2016-05-01,128.6,110.4,5,2016,2,127.3,126.0,126.0,126.6,121.6,127.3,1.300000000000097,126.71666666666665,1.0457851914558556,1.021209740769824,1.2999999999999972,1.2844036697247763,109.0,49,18.19999999999999
2016-06-01,130.1,111.7,6,2016,2,128.6,127.3,126.0,126.1,123.0,128.66666666666666,1.4011899704656767,127.38333333333333,1.6654328766625388,1.1664074650077794,1.5,1.1775362318840576,110.4,50,18.39999999999999
2016-07-01,131.1,111.8,7,2016,3,130.1,128.6,127.3,126.3,123.6,129.93333333333334,1.2583057392118995,128.18333333333334,2.1292408662874585,0.768639508070712,1.0,0.08952551477170445,111.7,51,19.299999999999997
2016-08-01,131.1,111.2,8,2016,3,131.1,130.1,128.6,126.0,124.8,130.76666666666665,0.5773502691898281,129.03333333333333,2.101110817322268,0.0,0.0,-0.5366726296958779,111.8,52,19.89999999999999
2016-09-01,130.8,111.4,9,2016,3,131.1,131.1,130.1,126.0,125.4,131.0,0.17320508075751823,129.83333333333334,1.5590595455814742,-0.22883295194506825,-0.29999999999998295,0.17985611510791255,111.2,53,19.400000000000006
2016-10-01,131.4,111.5,10,2016,4,130.8,131.1,131.1,127.3,126.1,131.1,0.3000000000003562,130.51666666666668,1.0381072520066235,0.4587155963302614,0.5999999999999943,0.08976660682225024,111.4,54,19.900000000000006
2016-11-01,131.2,111.9,11,2016,4,131.4,130.8,131.1,128.6,126.6,131.13333333333335,0.3055050463307346,130.95000000000002,0.4593473631165069,-0.15220700152208666,-0.20000000000001705,0.35874439461884844,111.5,55,19.299999999999983
2016-12-01,130.4,111.7,12,2016,4,131.2,131.4,130.8,130.1,126.1,131.0,0.5291502622131145,131.0,0.352136337236139,-0.609756097560965,-0.799999999999983,-0.17873100983021306,111.9,56,18.700000000000003
2017-01-01,130.3,112.6,1,2017,1,130.4,131.2,131.4,131.1,126.3,130.63333333333333,0.4932882862318372,130.86666666666667,0.44572039068090574,-0.07668711656441118,-0.09999999999999432,0.8057296329453845,111.7,57,17.700000000000017
2017-02-01,130.6,113.0,2,2017,1,130.3,130.4,131.2,131.1,126.0,130.43333333333334,0.15275252316594545,130.78333333333333,0.44007575105740016,0.2302379125095788,0.29999999999998295,0.355239786856143,112.6,58,17.599999999999994
2017-03-01,130.8,113.2,3,2017,1,130.6,130.3,130.4,130.8,126.0,130.56666666666666,0.25166114784282523,130.78333333333333,0.44007575105740016,0.15313935681471325,0.20000000000001705,0.1769911504424737,113.0,59,17.60000000000001
2017-04-01,131.1,113.2,4,2017,2,130.8,130.6,130.3,131.4,127.3,130.83333333333334,0.2516611478428441,130.73333333333335,0.3669695718567549,0.2293577981651307,0.29999999999998295,0.0,113.2,60,17.89999999999999
2017-05-01,131.4,112.9,5,2017,2,131.1,130.8,130.6,131.2,128.6,131.1,0.300000000000421,130.76666666666668,0.4226897995797122,0.22883295194509046,0.30000000000001137,-0.26501766784452485,113.2,61,18.5
2017-06-01,132.0,112.7,6,2017,2,131.4,131.1,130.8,130.4,130.1,131.5,0.45825756949586566,131.03333333333333,0.6088240030327018,0.45662100456620447,0.5999999999999943,-0.1771479185119551,112.9,62,19.299999999999997
2017-07-01,134.2,113.9,7,2017,3,132.0,131.4,131.1,130.3,131.1,132.53333333333333,1.474222959166482,131.68333333333334,1.3272779161384491,1.6666666666666607,2.1999999999999886,1.0647737355811815,112.7,63,20.299999999999983
2017-08-01,135.4,114.8,8,2017,3,134.2,132.0,131.4,130.6,131.1,133.86666666666667,1.7243356208504186,132.48333333333335,1.8766104195247646,0.8941877794336861,1.200000000000017,0.7901668129938422,113.9,64,20.60000000000001
2017-09-01,135.2,114.9,9,2017,3,135.4,134.2,132.0,130.8,130.8,134.9333333333333,0.6429100507330485,133.21666666666667,1.9456789731785151,-0.1477104874446189,-0.20000000000001705,0.08710801393729817,114.8,65,20.299999999999983
2017-10-01,136.1,115.6,10,2017,4,135.2,135.4,134.2,131.1,131.4,135.56666666666666,0.472581562625489,134.05,1.9284708968512936,0.6656804733727872,0.9000000000000057,0.6092254134029584,114.9,66,20.5
2017-11-01,137.6,116.4,11,2017,4,136.1,135.2,135.4,131.4,131.2,136.29999999999998,1.2124355652983136,135.08333333333334,1.8851171493223446,1.102130786186617,1.5,0.6920415224913601,115.6,67,21.19999999999999
2017-12-01,137.2,115.7,12,2017,4,137.6,136.1,135.2,132.0,130.4,136.96666666666667,0.7767453465155727,135.95,1.2833549781734765,-0.29069767441860517,-0.4000000000000057,-0.6013745704467333,116.4,68,21.499999999999986
2018-01-01,136.9,116.0,1,2018,1,137.2,137.6,136.1,134.2,130.3,137.23333333333332,0.35118845842881663,136.4,0.9859006035106708,-0.21865889212826506,-0.29999999999998295,0.2592912705272177,115.7,69,20.900000000000006
2018-02-01,136.4,116.1,2,2018,1,136.9,137.2,137.6,135.4,130.6,136.83333333333334,0.4041451884330575,136.5666666666667,0.859457193040697,-0.36523009495982306,-0.5,0.08620689655172153,116.0,70,20.30000000000001
2018-03-01,136.5,116.3,3,2018,1,136.4,136.9,137.2,135.2,130.8,136.6,0.26457513110693626,136.78333333333333,0.5564770136038153,0.07331378299120228,0.09999999999999432,0.17226528854437095,116.1,71,20.200000000000003
2018-04-01,137.1,117.3,4,2018,2,136.5,136.4,136.9,136.1,131.1,136.66666666666666,0.37859388972034824,136.95,0.4505552130458327,0.439560439560438,0.5999999999999943,0.8598452278589797,116.3,72,19.799999999999997
2018-05-01,137.8,118.3,5,2018,2,137.1,136.5,136.4,137.6,131.4,137.13333333333335,0.6506407098649825,136.98333333333332,0.5115336417768183,0.510576221735981,0.700000000000017,0.8525149190110826,117.3,73,19.500000000000014
2018-06-01,138.5,119.1,6,2018,2,137.8,137.1,136.5,137.2,132.0,137.79999999999998,0.7000000000002108,137.20000000000002,0.8099382692544076,0.5079825834542806,0.6999999999999886,0.6762468300929747,118.3,74,19.400000000000006
2018-07-01,139.8,119.9,7,2018,3,138.5,137.8,137.1,136.9,134.2,138.70000000000002,1.0148891565093916,137.68333333333334,1.3075422236660639,0.9386281588447787,1.3000000000000114,0.6717044500419878,119.1,75,19.900000000000006
2018-08-01,140.4,120.1,8,2018,3,139.8,138.5,137.8,136.4,135.4,139.5666666666667,0.9712534856224333,138.35000000000002,1.5241391012643994,0.42918454935620964,0.5999999999999943,0.16680567139282232,119.9,76,20.30000000000001
2018-09-01,140.2,120.9,9,2018,3,140.4,139.8,138.5,136.5,135.2,140.13333333333333,0.3055050463310417,138.96666666666667,1.3662601021290994,-0.14245014245015675,-0.20000000000001705,0.6661115736886103,120.1,77,19.299999999999983
2018-10-01,140.7,122.0,10,2018,4,140.2,140.4,139.8,137.1,136.1,140.4333333333333,0.25166114784317584,139.5666666666667,1.1570076346636329,0.3566333808844524,0.5,0.9098428453267138,120.9,78,18.69999999999999
2018-11-01,140.8,121.6,11,2018,4,140.7,140.2,140.4,137.8,137.6,140.5666666666667,0.32145502536709536,140.06666666666666,0.8477420991492928,0.0710732054015839,0.10000000000002274,-0.3278688524590234,122.0,79,19.200000000000017
2018-12-01,140.1,119.7,12,2018,4,140.8,140.7,140.2,138.5,137.2,140.53333333333333,0.378593889720575,140.33333333333334,0.3777124126502983,-0.49715909090910504,-0.700000000000017,-1.562499999999989,121.6,80,20.39999999999999
2019-01-01,139.6,119.2,1,2019,1,140.1,140.8,140.7,139.8,136.9,140.16666666666666,0.6027713773344971,140.29999999999998,0.43817804600805743,-0.35688793718772205,-0.5,-0.41771094402673903,119.7,81,20.39999999999999
2019-02-01,139.9,119.5,2,2019,1,139.6,140.1,140.8,140.4,136.4,139.86666666666667,0.2516611478430521,140.21666666666667,0.4622409184290014,0.21489971346706493,0.30000000000001137,0.251677852348986,119.2,82,20.400000000000006
2019-03-01,140.4,119.9,3,2019,1,139.9,139.6,140.1,140.2,136.5,139.96666666666667,0.4041451884331829,140.25,0.46797435827556366,0.3573981415296634,0.5,0.33472803347280866,119.5,83,20.5
2019-04-01,141.2,121.1,4,2019,2,140.4,139.9,139.6,140.7,137.1,140.5,0.6557438524304909,140.33333333333334,0.5921711464349635,0.5698005698005604,0.799999999999983,1.0008340283569561,119.9,84,20.099999999999994
2019-05-01,142.0,121.6,5,2019,2,141.2,140.4,139.9,140.8,137.8,141.20000000000002,0.8000000000002839,140.53333333333333,0.9025888691259778,0.56657223796035,0.8000000000000114,0.41288191577208977,121.1,85,20.400000000000006
2019-06-01,142.9,121.5,6,2019,2,142.0,141.2,140.4,140.1,138.5,142.03333333333333,0.8504900548118686,141.0,1.2790621564269173,0.6338028169014187,0.9000000000000057,-0.08223684210525439,121.6,86,21.400000000000006
2019-07-01,144.2,121.3,7,2019,3,142.9,142.0,141.2,139.6,139.8,143.03333333333333,1.1060440015360837,141.76666666666668,1.608311744243064,0.9097270818754222,1.299999999999983,-0.16460905349794386,121.5,87,22.89999999999999
2019-08-01,145.0,121.5,8,2019,3,144.2,142.9,142.0,139.9,140.4,144.03333333333333,1.0598742063726445,142.61666666666665,1.7645584905777991,0.554785020804438,0.8000000000000114,0.16488046166529546,121.3,88,23.5
2019-09-01,145.8,121.3,9,2019,3,145.0,144.2,142.9,140.4,140.2,145.0,0.8000000000005032,143.51666666666668,1.784843597257267,0.5517241379310533,0.8000000000000114,-0.16460905349794386,121.5,89,24.500000000000014
2019-10-01,147.2,122.0,10,2019,4,145.8,145.0,144.2,141.2,140.7,146.0,1.1135528725663826,144.51666666666668,1.9041183436620384,0.9602194787379892,1.3999999999999773,0.577081615828523,121.3,90,25.19999999999999
2019-11-01,148.6,122.3,11,2019,4,147.2,145.8,145.0,142.0,140.8,147.20000000000002,1.400000000000344,145.61666666666665,2.0595306908784585,0.9510869565217517,1.4000000000000057,0.24590163934425924,122.0,91,26.299999999999997
2019-12-01,150.4,123.0,12,2019,4,148.6,147.2,145.8,142.9,140.1,148.73333333333332,1.6041612554025062,146.86666666666665,2.3380903889008198,1.211305518169592,1.8000000000000114,0.5723630417007408,122.3,92,27.400000000000006
2020-01-01,150.2,123.4,1,2020,1,150.4,148.6,147.2,144.2,139.6,149.73333333333332,0.9865765724639094,147.86666666666667,2.2509257354853824,-0.13297872340426453,-0.20000000000001705,0.3252032520325354,123.0,93,26.799999999999983
2020-02-01,149.1,122.2,2,2020,1,150.2,150.4,148.6,145.0,139.9,149.9,0.7000000000009494,148.54999999999998,1.7796066981228689,-0.7323568575232975,-1.0999999999999943,-0.972447325769854,123.4,94,26.89999999999999
2020-03-01,148.6,120.4,3,2020,1,149.1,150.2,150.4,145.8,140.4,149.29999999999998,0.8185352771880389,149.01666666666665,1.1805366011566465,-0.3353454057679395,-0.5,-1.4729950900163602,122.2,95,28.19999999999999
2020-04-01,151.4,119.2,4,2020,2,148.6,149.1,150.2,147.2,141.2,149.70000000000002,1.493318452307257,149.71666666666667,1.1321071798511353,1.8842530282638048,2.8000000000000114,-0.9966777408637939,120.4,96,32.2
2020-05-01,150.9,117.5,5,2020,2,151.4,148.6,149.1,148.6,142.0,150.29999999999998,1.493318452307257,150.1,1.0658330075597326,-0.33025099075296716,-0.5,-1.4261744966442946,119.2,97,33.400000000000006
2020-06-01,151.8,119.3,6,2020,2,150.9,151.4,148.6,150.4,142.9,151.36666666666667,0.4509249752837006,150.33333333333334,1.276975593608001,0.5964214711729587,0.9000000000000057,1.5319148936170146,117.5,98,32.500000000000014
2020-07-01,153.9,121.0,7,2020,3,151.8,150.9,151.4,150.2,144.2,152.20000000000002,1.5394804318344502,150.95000000000002,1.9274335267406408,1.383399209486158,2.0999999999999943,1.4249790444258226,119.3,99,32.900000000000006
2020-08-01,154.7,122.0,8,2020,3,153.9,151.8,150.9,149.1,145.0,153.46666666666667,1.4977761292443907,151.88333333333335,2.1903576572492742,0.5198180636777128,0.799999999999983,0.8264462809917328,121.0,100,32.69999999999999
2020-09-01,156.4,122.9,9,2020,3,154.7,153.9,151.8,148.6,145.8,155.0,1.276714533480673,153.18333333333334,2.1664871720530776,1.0989010989011172,1.700000000000017,0.7377049180327999,122.0,101,33.5
2020-10-01,158.4,123.6,10,2020,4,156.4,154.7,153.9,151.4,147.2,156.5,1.8520259177453655,154.35000000000002,2.804817284602315,1.278772378516635,2.0,0.5695687550854256,122.9,102,34.80000000000001
2020-11-01,158.9,125.1,11,2020,4,158.4,156.4,154.7,150.9,148.6,157.9,1.3228756555324066,155.68333333333334,2.7374562401380227,0.31565656565657463,0.5,1.2135922330097193,123.6,103,33.80000000000001
2020-12-01,157.3,125.4,12,2020,4,158.9,158.4,156.4,151.8,150.4,158.20000000000002,0.8185352771873944,156.6,1.9979989989997349,-1.0069225928256764,-1.5999999999999943,0.23980815347721673,125.1,104,31.900000000000006
2021-01-01,156.3,126.5,1,2021,1,157.3,158.9,158.4,153.9,150.2,157.50000000000003,1.3114877048605487,157.00000000000003,1.5362291495749991,-0.6357279084551859,-1.0,0.8771929824561431,125.4,105,29.80000000000001
2021-02-01,156.6,128.1,2,2021,1,156.3,157.3,158.9,154.7,149.1,156.73333333333335,0.5131601439452469,157.3166666666667,1.101665405951634,0.19193857965449368,0.29999999999998295,1.2648221343873445,126.5,106,28.5
2021-03-01,156.8,129.9,3,2021,1,156.6,156.3,157.3,156.4,148.6,156.5666666666667,0.251661147843554,157.38333333333335,1.0457851914569156,0.12771392081738497,0.20000000000001705,1.4051522248243575,128.1,107,26.900000000000006
2021-04-01,157.8,132.0,4,2021,2,156.8,156.6,156.3,158.4,151.4,157.0666666666667,0.6429100507332555,157.28333333333333,0.9537644712771479,0.6377551020408267,1.0,1.6166281755196188,129.9,108,25.80000000000001
2021-05-01,160.4,132.9,5,2021,2,157.8,156.8,156.6,158.9,150.9,158.33333333333334,1.8583146486355626,157.53333333333333,1.501554749807879,1.6476552598225558,2.5999999999999943,0.6818181818181834,132.0,109,27.5
2021-06-01,161.3,133.7,6,2021,2,160.4,157.8,156.8,157.3,151.8,159.83333333333334,1.8175074506953581,158.20000000000002,2.1326040420115526,0.5610972568578676,0.9000000000000057,0.6019563581640242,132.9,110,27.600000000000023
2021-07-01,162.5,135.0,7,2021,3,161.3,160.4,157.8,156.3,153.9,161.4,1.05356537528499,159.23333333333332,2.498532902859353,0.7439553626782391,1.1999999999999886,0.972326103216159,133.7,111,27.5
2021-08-01,162.9,136.2,8,2021,3,162.5,161.3,160.4,156.6,154.7,162.23333333333335,0.8326663997859561,160.28333333333333,2.4943268965135403,0.2461538461538515,0.4000000000000057,0.8888888888888724,135.0,112,26.700000000000017
2021-09-01,163.2,137.4,9,2021,3,162.9,162.5,161.3,156.8,156.4,162.86666666666667,0.3511884584269819,161.35,2.0324861623155748,0.18416206261508972,0.29999999999998295,0.8810572687224738,136.2,113,25.799999999999983
2021-10-01,165.5,140.7,10,2021,4,163.2,162.9,162.5,157.8,158.4,163.86666666666667,1.4224392195563422,162.63333333333333,1.7546129677712694,1.4093137254902022,2.3000000000000114,2.4017467248908186,137.4,114,24.80000000000001
2021-11-01,166.7,143.7,11,2021,4,165.5,163.2,162.9,160.4,158.9,165.13333333333333,1.7785762095934232,163.6833333333333,2.016349837372274,0.7250755287008914,1.1999999999999886,2.1321961620469176,140.7,115,23.0
2021-12-01,166.2,143.3,12,2021,4,166.7,165.5,163.2,161.3,157.3,166.13333333333333,0.6027713773325897,164.5,1.8428239199675687,-0.29994001199760145,-0.5,-0.27835768963115903,143.7,116,22.899999999999977
2022-01-01,165.7,143.8,1,2022,1,166.2,166.7,165.5,162.5,156.3,166.19999999999996,0.4999999999980849,165.03333333333333,1.594574133325691,-0.30084235860409203,-0.5,0.34891835310537633,143.3,117,21.899999999999977
2022-02-01,166.1,145.3,2,2022,1,165.7,166.2,166.7,162.9,156.6,166.0,0.26457513110293496,165.56666666666663,1.2323419438903562,0.24140012070006378,0.4000000000000057,1.0431154381084884,143.8,118,20.799999999999983
2022-03-01,167.7,148.9,3,2022,1,166.1,165.7,166.2,163.2,156.8,166.49999999999997,1.0583005244249069,166.31666666666666,0.7960318251625034,0.9632751354605729,1.5999999999999943,2.4776324845148023,145.3,119,18.799999999999983
2022-04-01,170.1,152.3,4,2022,2,167.7,166.1,165.7,165.5,157.8,167.96666666666667,2.0132891827383066,167.08333333333334,1.6302351568628486,1.4311270125223707,2.4000000000000057,2.2834116856951026,148.9,120,17.799999999999983
2022-05-01,171.7,155.0,5,2022,2,170.1,167.7,166.1,166.7,160.4,169.83333333333334,2.013289182738211,167.91666666666666,2.4612327534533796,0.9406231628453776,1.5999999999999943,1.7728168089297336,152.3,121,16.69999999999999
2022-06-01,172.6,155.4,6,2022,2,171.7,170.1,167.7,166.2,161.3,171.46666666666667,1.266227994213661,168.98333333333332,2.9137032564541947,0.5241700640652436,0.9000000000000057,0.2580645161290418,155.0,122,17.19999999999999
2022-07-01,173.4,154.0,7,2022,3,172.6,171.7,170.1,165.7,162.5,172.56666666666663,0.850490054809669,170.26666666666668,2.873789600279027,0.4634994206257348,0.8000000000000114,-0.9009009009009028,155.4,123,19.400000000000006
2022-08-01,174.3,153.2,8,2022,3,173.4,172.6,171.7,166.1,162.9,173.43333333333337,0.8504900548095821,171.63333333333333,2.408042081582476,0.519031141868509,0.9000000000000057,-0.5194805194805308,154.0,124,21.100000000000023
2022-09-01,175.3,151.9,9,2022,3,174.3,173.4,172.6,167.7,163.2,174.33333333333334,0.9504384952903876,172.9,1.8622566955190596,0.5737234652897216,1.0,-0.8485639686683921,153.2,125,23.400000000000006
2022-10-01,176.7,152.9,10,2022,4,175.3,174.3,173.4,170.1,165.5,175.43333333333337,1.2055427546668074,174.0,1.8264720090944924,0.7986309184255358,1.3999999999999773,0.6583278472679366,151.9,126,23.799999999999983
2022-11-01,176.5,152.5,11,2022,4,176.7,175.3,174.3,171.7,166.7,176.16666666666666,0.7571877794375214,174.79999999999998,1.6613247725853557,-0.11318619128465324,-0.19999999999998863,-0.2616088947024253,152.9,127,24.0
2022-12-01,175.7,150.5,12,2022,4,176.5,176.7,175.3,172.6,166.2,176.29999999999998,0.5291502622093166,175.3166666666667,1.27814970432752,-0.45325779036827774,-0.8000000000000114,-1.3114754098360604,152.5,128,25.19999999999999
2023-01-01,176.5,150.7,1,2023,1,175.7,176.5,176.7,173.4,165.7,176.23333333333332,0.46188021534758994,175.83333333333334,0.9266426855442189,0.4553215708594349,0.8000000000000114,0.1328903654485014,150.5,129,25.80000000000001
2023-02-01,176.8,150.9,2,2023,1,176.5,175.7,176.5,174.3,166.1,176.33333333333334,0.5686240703043798,176.25,0.6058052492393907,0.16997167138810276,0.30000000000001137,0.13271400132714994,150.7,130,25.900000000000006
2023-03-01,177.2,151.0,3,2023,1,176.8,176.5,175.7,175.3,167.7,176.83333333333334,0.35118845842284,176.5666666666667,0.4966554808644615,0.2262443438913797,0.39999999999997726,0.0662690523525411,150.9,131,26.19999999999999
2023-04-01,178.1,151.1,4,2023,2,177.2,176.8,176.5,176.7,170.1,177.36666666666667,0.6658328118449053,176.79999999999998,0.804984471903693,0.5079006772009009,0.9000000000000057,0.06622516556291647,151.0,132,27.0
2023-05-01,179.1,149.4,5,2023,2,178.1,177.2,176.8,176.5,171.7,178.13333333333333,0.9504384952900221,177.23333333333332,1.2094075684701044,0.5614823133071267,1.0,-1.1250827266710672,151.1,133,29.69999999999999
2023-06-01,181.0,148.9,6,2023,2,179.1,178.1,177.2,175.7,172.6,179.4,1.4730919862641316,178.11666666666667,1.7010780895281745,1.06085985482971,1.9000000000000057,-0.33467202141901353,149.4,134,32.099999999999994
2023-07-01,186.3,152.1,7,2023,3,181.0,179.1,178.1,176.5,173.4,182.13333333333333,3.731398308051342,179.75,3.544432253550107,2.9281767955801064,5.300000000000011,2.149093351242426,148.9,135,34.20000000000002
2023-08-01,186.2,152.5,8,2023,3,186.3,181.0,179.1,176.8,174.3,184.5,3.0315012782439124,181.3166666666667,4.0246324883985425,-0.05367686527107951,-0.10000000000002274,0.2629848783694877,152.1,136,33.69999999999999
2023-09-01,184.1,151.8,9,2023,3,186.2,186.3,181.0,177.2,175.3,185.5333333333333,1.2423096769032933,182.46666666666667,3.5736069546990072,-1.1278195488721776,-2.0999999999999943,-0.4590163934426128,152.5,137,32.29999999999998
2023-10-01,185.3,152.5,10,2023,4,184.1,186.2,186.3,178.1,176.7,185.20000000000002,1.0535653752825709,183.66666666666666,2.972316717086719,0.6518196632265161,1.200000000000017,0.46113306982871194,151.8,138,32.80000000000001
2023-11-01,186.3,153.1,11,2023,4,185.3,184.1,186.2,179.1,176.5,185.23333333333335,1.101514109454646,184.86666666666667,2.0791023704169076,0.5396654074473872,1.0,0.39344262295082366,152.5,139,33.20000000000002
2023-12-01,185.7,151.8,12,2023,4,186.3,185.3,184.1,181.0,175.7,185.76666666666665,0.5033222956789516,185.65,0.8573214099779428,-0.32206119162642155,-0.6000000000000227,-0.8491182233833938,153.1,140,33.89999999999998
2024-01-01,185.5,151.2,1,2024,1,185.7,186.3,185.3,186.3,176.5,185.83333333333334,0.41633319988624623,185.51666666666665,0.796031825163558,-0.1077005923532548,-0.19999999999998863,-0.39525691699606735,151.8,141,34.30000000000001
2024-02-01,185.8,151.2,2,2024,1,185.5,185.7,186.3,186.2,176.8,185.66666666666666,0.15275252314625784,185.45000000000002,0.7422937424002455,0.16172506738545422,0.30000000000001137,0.0,151.2,142,34.60000000000002
2024-03-01,185.8,151.4,3,2024,1,185.8,185.5,185.7,184.1,177.2,185.70000000000002,0.17320508074017116,185.73333333333335,0.3386246693216982,0.0,0.0,0.1322751322751392,151.2,143,34.400000000000006
2024-04-01,186.7,152.9,4,2024,2,185.8,185.8,185.5,185.3,178.1,186.1,0.5196152422706541,185.96666666666667,0.44572039068592767,0.4843918191603791,0.8999999999999773,0.9907529722589237,151.4,144,33.79999999999998
2024-05-01,187.7,153.5,5,2024,2,186.7,185.8,185.8,186.3,179.1,186.73333333333335,0.9504384952922127,186.20000000000002,0.843800924393028,0.5356186395286455,1.0,0.39241334205362133,152.9,145,34.19999999999999
2024-06-01,190.2,154.0,6,2024,2,187.7,186.7,185.8,185.7,181.0,188.19999999999996,1.8027756377320001,186.95000000000002,1.7852170736374011,1.331912626531695,2.5,0.32573289902280145,153.5,146,36.19999999999999
2024-07-01,193.0,155.3,7,2024,3,190.2,187.7,186.7,185.5,186.3,190.29999999999998,2.651414716712584,188.20000000000002,2.86565873753426,1.4721345951629994,2.8000000000000114,0.8441558441558472,154.0,147,37.69999999999999
2024-08-01,193.0,154.4,8,2024,3,193.0,190.2,187.7,185.8,186.2,192.0666666666667,1.6165807537309984,189.4,3.1527765540879105,0.0,0.0,-0.5795235028976164,155.3,148,38.599999999999994
2024-09-01,194.2,154.7,9,2024,3,193.0,193.0,190.2,185.8,184.1,193.4,0.6928203230275403,190.79999999999998,3.0990321069660474,0.6217616580310725,1.1999999999999886,0.1943005181346935,154.4,149,39.5
2024-10-01,196.8,156.7,10,2024,4,194.2,193.0,193.0,186.7,185.3,194.66666666666666,1.9425069712444505,192.48333333333335,3.168858890306265,1.338825952626177,2.6000000000000227,1.2928248222365823,154.7,150,40.10000000000002
2024-11-01,196.5,156.4,11,2024,4,196.8,194.2,193.0,187.7,186.3,195.83333333333334,1.422439219556754,193.95000000000002,2.4720436889355932,-0.1524390243902496,-0.30000000000001137,-0.19144862795148487,156.7,151,40.099999999999994
2024-12-01,195.4,155.7,12,2024,4,196.5,196.8,194.2,190.2,185.7,196.23333333333335,0.7371114795830966,194.8166666666667,1.6785906787161995,-0.5597964376590325,-1.0999999999999943,-0.4475703324808289,156.4,152,39.70000000000002
2025-01-01,193.4,155.0,1,2025,1,195.4,196.5,196.8,193.0,185.5,195.1,1.571623364550134,194.88333333333333,1.598019607724793,-1.0235414534288667,-2.0,-0.4495825305073753,155.7,153,38.400000000000006
2025-02-01,192.5,154.9,2,2025,1,193.4,195.4,196.5,193.0,185.8,193.76666666666665,1.4843629385474761,194.79999999999998,1.723948955162604,-0.46535677352637084,-0.9000000000000057,-0.0645161290322549,155.0,154,37.599999999999994
2025-03-01,192.0,154.8,3,2025,1,192.5,193.4,195.4,194.2,185.8,192.63333333333335,0.709459888459758,194.4333333333333,2.0752509888379533,-0.2597402597402598,-0.5,-0.06455777921239303,154.9,155,37.19999999999999
2025-04-01,192.6,154.2,4,2025,2,192.0,192.5,193.4,196.8,186.7,192.36666666666667,0.3214550253664475,193.73333333333335,1.8084984563645352,0.31250000000000444,0.5999999999999943,-0.387596899224818,154.8,156,38.400000000000006
2025-05-01,193.0,153.7,5,2025,2,192.6,192.0,192.5,196.5,187.7,192.53333333333333,0.5033222956847262,193.15,1.1995832609728487,0.20768431983384517,0.4000000000000057,-0.3242542153047978,154.2,157,39.30000000000001
2025-06-01,194.2,153.7,6,2025,2,193.0,192.6,192.0,195.4,190.2,193.26666666666665,0.8326663997864407,192.94999999999996,0.7739509028396072,0.6217616580310725,1.1999999999999886,0.0,153.7,158,40.5
2025-07-01,196.1,154.4,7,2025,3,194.2,193.0,192.6,193.4,193.0,194.4333333333333,1.5631165450257567,193.39999999999998,1.5165750888123632,0.9783728115345003,1.9000000000000057,0.45543266102798796,153.7,159,41.69999999999999
2025-08-01,197.0,155.2,8,2025,3,196.1,194.2,193.0,192.5,193.0,195.76666666666665,1.4294521094927366,194.14999999999998,2.0137030565617695,0.45894951555329744,0.9000000000000057,0.5181347150258864,154.4,160,41.80000000000001
2025-09-01,197.0,155.0,9,2025,3,197.0,196.1,194.2,192.0,194.2,196.70000000000002,0.5196152422705176,194.98333333333332,1.9803198394887778,0.0,0.0,-0.12886597938143174,155.2,161,42.0
2025-10-01,197.3,155.1,10,2025,4,197.0,197.0,196.1,192.6,196.8,197.1,0.1732050807568984,195.76666666666668,1.7671068633992797,0.1522842639593902,0.30000000000001137,0.0645161290322438,155.0,162,42.20000000000002
2025-11-01,197.9,156.2,11,2025,4,197.3,197.0,197.0,193.0,196.5,197.4,0.45825756949560914,196.58333333333334,1.3044794619589892,0.3041054232133744,0.5999999999999943,0.7092198581560183,155.1,163,41.70000000000002
2025-12-01,198.0,157.2,12,2025,4,197.9,197.3,197.0,194.2,195.4,197.73333333333335,0.3785938897200762,197.21666666666667,0.6968978882682851,0.050530570995444,0.09999999999999432,0.6402048655569814,156.2,164,40.80000000000001
